freq_hz,metric
100.0,0.1777622253
200.0,0.3445669115
300.0,0.4913114607
400.0,0.6113584638
500.0,0.698689878
600.0,0.7509298325
700.0,0.7701836228
800.0,0.7622512579
900.0,0.7351328731
1000.0,0.6995350122
